{"11": [0.1843137254901961, 0.3333333333333333, 0.6039215686274509, 1.0], "4": [0.27953863898500575, 0.5282122260668973, 0.6991464821222607, 1.0], "12": [0.4411380238369858, 0.7046059207996924, 0.6706958861976163, 1.0], "8": [0.7843906189926952, 0.806474432910419, 0.2742945021145713, 1.0], "9": [0.941437908496732, 0.7233986928104574, 0.09221068819684737, 1.0], "13": [0.9037908496732027, 0.45986928104575164, 0.13428681276432142, 1.0], "1": [0.8104728950403691, 0.286320645905421, 0.15363321799307958, 1.0], "10": [0.7019607843137254, 0.14901960784313725, 0.16470588235294117, 1.0]}